‡∏Å,"[1, 0, 0, 0, 0, 0, 0, 0, 2, 1, 1, 0, 0, 0]"
high,"[1, 0, 0, 0, 0, 0, 0, 0, 0, 0, 2, 2, 2, 2]"
low,"[1, 1, 0, 2, 0, 0, 0, 0, 0, 0, 2, 2, 2, 2]"
low,"[1, 1, 0, 2, 0, 0, 0, 0, 0, 0, 2, 2, 2, 2]"
low,"[1, 1, 0, 2, 0, 0, 0, 1, 2, 0, 2, 2, 2, 2]"
low,"[1, 1, 0, 2, 0, 0, 0, 1, 2, 0, 2, 2, 2, 2]"
low,"[0, 0, 1, 1, 0, 0, 0, 0, 2, 0, 2, 2, 2, 2]"
high,"[1, 0, 0, 0, 0, 0, 0, 0, 2, 1, 1, 0, 0, 0]"
low,"[1, 0, 0, 0, 0, 0, 0, 0, 0, 0, 2, 2, 2, 2]"
low,"[1, 0, 0, 0, 0, 0, 0, 1, 2, 0, 2, 2, 2, 2]"
mid,"[0, 1, 1, 2, 1, 0, 0, 0, 2, 1, 1, 0, 1, 0]"
mid,"[0, 1, 1, 2, 1, 0, 0, 0, 2, 1, 1, 0, 1, 0]"
low,"[1, 1, 1, 2, 1, 0, 1, 0, 0, 0, 2, 2, 2, 2]"
low,"[1, 1, 0, 2, 0, 0, 0, 0, 0, 0, 2, 2, 2, 2]"
low,"[1, 0, 0, 0, 0, 0, 0, 0, 2, 1, 1, 0, 0, 0]"
high,"[1, 0, 1, 1, 0, 0, 0, 0, 0, 0, 2, 2, 2, 2]"
low,"[1, 1, 0, 2, 0, 0, 0, 0, 0, 0, 2, 2, 2, 2]"
low,"[1, 1, 0, 2, 0, 0, 0, 0, 0, 0, 2, 2, 2, 2]"
low,"[1, 0, 0, 0, 0, 0, 0, 1, 2, 0, 2, 2, 2, 2]"
mid,"[1, 1, 1, 2, 1, 1, 0, 0, 0, 0, 2, 2, 2, 2]"
mid,"[1, 1, 0, 2, 0, 0, 0, 0, 0, 0, 2, 2, 2, 2]"
low,"[1, 0, 0, 0, 0, 0, 0, 0, 2, 0, 2, 2, 2, 2]"
mid,"[1, 0, 0, 0, 0, 0, 0, 0, 2, 1, 1, 0, 0, 0]"
low,"[1, 0, 0, 0, 0, 0, 0, 0, 0, 0, 2, 2, 2, 2]"
mid,"[1, 0, 0, 0, 0, 0, 0, 1, 2, 0, 2, 2, 2, 2]"
high,"[1, 1, 1, 2, 1, 0, 1, 0, 0, 0, 2, 2, 2, 2]"
high,"[1, 1, 0, 2, 0, 0, 0, 0, 0, 0, 2, 2, 2, 2]"
low,"[0, 0, 1, 1, 0, 0, 0, 0, 2, 0, 2, 2, 2, 2]"
low,"[1, 0, 0, 0, 0, 0, 0, 0, 2, 1, 1, 0, 0, 0]"
low,"[0, 1, 1, 2, 1, 0, 0, 0, 2, 1, 1, 0, 1, 0]"
low,"[1, 1, 0, 2, 0, 0, 0, 0, 0, 0, 2, 2, 2, 2]"
low,"[1, 0, 0, 0, 0, 0, 0, 0, 0, 0, 2, 2, 2, 2]"
mid,"[1, 0, 1, 1, 0, 0, 0, 1, 2, 0, 2, 2, 2, 2]"
high,"[0, 1, 1, 2, 1, 0, 0, 1, 2, 1, 1, 0, 0, 1]"
high,"[0, 1, 1, 2, 1, 0, 0, 1, 2, 1, 1, 0, 0, 1]"
low,"[1, 0, 0, 0, 0, 0, 0, 0, 2, 1, 1, 0, 0, 0]"
low,"[1, 0, 0, 0, 0, 0, 0, 0, 0, 0, 2, 2, 2, 2]"
mid,"[1, 0, 0, 0, 0, 0, 0, 0, 0, 0, 2, 2, 2, 2]"
high,"[1, 0, 0, 0, 0, 0, 0, 1, 2, 0, 2, 2, 2, 2]"
low,"[1, 0, 1, 1, 0, 0, 0, 0, 0, 0, 2, 2, 2, 2]"
high,"[1, 1, 0, 2, 0, 0, 0, 0, 2, 1, 1, 0, 0, 0]"
high,"[1, 1, 0, 2, 0, 0, 0, 0, 2, 1, 1, 0, 0, 0]"
low,"[1, 0, 0, 0, 0, 0, 0, 0, 0, 0, 2, 2, 2, 2]"
low,"[1, 0, 0, 0, 0, 0, 0, 0, 0, 0, 2, 2, 2, 2]"
mid,"[1, 0, 0, 0, 0, 0, 0, 0, 0, 0, 2, 2, 2, 2]"
low,"[1, 0, 1, 1, 0, 0, 0, 1, 2, 0, 2, 2, 2, 2]"
low,"[1, 0, 1, 1, 0, 0, 0, 0, 0, 0, 2, 2, 2, 2]"
mid,"[1, 0, 0, 0, 0, 0, 0, 0, 0, 0, 2, 2, 2, 2]"
high,"[1, 0, 0, 0, 0, 0, 0, 0, 0, 0, 2, 2, 2, 2]"
low,"[1, 0, 0, 0, 0, 0, 0, 1, 2, 0, 2, 2, 2, 2]"
low,"[1, 0, 1, 1, 0, 0, 0, 0, 0, 0, 2, 2, 2, 2]"
